USE CarbonConnect;

INSERT INTO Country (id, emissions, name) VALUES (1, 108871.68, 'Belgium');
INSERT INTO Country (id, emissions, name) VALUES (2, 59082.72, 'Bulgaria');
INSERT INTO Country (id, emissions, name) VALUES (3, 118500.35, 'Czechia');
INSERT INTO Country (id, emissions, name) VALUES (4, 44243.3, 'Denmark');
INSERT INTO Country (id, emissions, name) VALUES (5, 777380.09, 'Germany');
INSERT INTO Country (id, emissions, name) VALUES (6, 14125.06, 'Estonia');
INSERT INTO Country (id, emissions, name) VALUES (7, 63650.14, 'Ireland');
INSERT INTO Country (id, emissions, name) VALUES (8, 82242.9, 'Greece');
INSERT INTO Country (id, emissions, name) VALUES (9, 309286.15, 'Spain');
INSERT INTO Country (id, emissions, name) VALUES (10, 409732.55, 'France');
INSERT INTO Country (id, emissions, name) VALUES (11, 26258.1, 'Croatia');
INSERT INTO Country (id, emissions, name) VALUES (12, 419467.07, 'Italy');
INSERT INTO Country (id, emissions, name) VALUES (13, 9572.78, 'Cyprus');
INSERT INTO Country (id, emissions, name) VALUES (14, 10568.91, 'Latvia');
INSERT INTO Country (id, emissions, name) VALUES (15, 19249.2, 'Lithuania');
INSERT INTO Country (id, emissions, name) VALUES (16, 10145.27, 'Luxembourg');
INSERT INTO Country (id, emissions, name) VALUES (17, 60331.72, 'Hungary');
INSERT INTO Country (id, emissions, name) VALUES (18, 2647.72, 'Malta');
INSERT INTO Country (id, emissions, name) VALUES (19, 162999.6, 'Netherlands');
INSERT INTO Country (id, emissions, name) VALUES (20, 74825.78, 'Austria');
INSERT INTO Country (id, emissions, name) VALUES (21, 383434.04, 'Poland');
INSERT INTO Country (id, emissions, name) VALUES (22, 60581.36, 'Portugal');
INSERT INTO Country (id, emissions, name) VALUES (23, 109992.76, 'Romania');
INSERT INTO Country (id, emissions, name) VALUES (24, 15676.64, 'Slovenia');
INSERT INTO Country (id, emissions, name) VALUES (25, 37183.78, 'Slovakia');
INSERT INTO Country (id, emissions, name) VALUES (26, 47341.71, 'Finland');
INSERT INTO Country (id, emissions, name) VALUES (27, 47074.61, 'Sweden');
INSERT INTO Country (id, emissions, name) VALUES (28, 5402.55, 'Iceland');
INSERT INTO Country (id, emissions, name) VALUES (29, 50255.43, 'Norway');
INSERT INTO Country (id, emissions, name) VALUES (30, 45847.17, 'Switzerland');

INSERT INTO EmissionTags (id, description) VALUES
(1, 'Transport'),
(2, 'Flights'),
(3, 'Energy'),
(4, 'Heat');

insert into NGO (id, website, name, contact) values (1, 'EcoUnity.com', 'EcoUnity Europe', 'Joe@EcoUnity.org');
insert into NGO (id, website, name, contact) values (2, 'seesaa.net', 'Grimes, Fahey and Mertz', 'rattlee1@accuweather.com');
insert into NGO (id, website, name, contact) values (3, 'fema.gov', 'Terry-Witting', 'sdand2@angelfire.com');
insert into NGO (id, website, name, contact) values (4, 'twitpic.com', 'Kub-Anderson', 'swilson3@pinterest.com');
insert into NGO (id, website, name, contact) values (5, 'netvibes.com', 'Bosco, Davis and Feil', 'baspinal4@example.com');
insert into NGO (id, website, name, contact) values (6, 'pbs.org', 'Morar LLC', 'lwagg5@answers.com');
insert into NGO (id, website, name, contact) values (7, 'bloglovin.com', 'Macejkovic-Ebert', 'rmushett6@pbs.org');
insert into NGO (id, website, name, contact) values (8, 'fda.gov', 'Cormier, Ratke and Koelpin', 'weakins7@wordpress.com');
insert into NGO (id, website, name, contact) values (9, 'ustream.tv', 'Becker-Brakus', 'mchislett8@imdb.com');
insert into NGO (id, website, name, contact) values (10, 'elegantthemes.com', 'Miller-O''Conner', 'pchrippes9@auda.org.au');
insert into NGO (id, website, name, contact) values (11, 'ezinearticles.com', 'Hirthe-Emmerich', 'kmillionsa@tamu.edu');
insert into NGO (id, website, name, contact) values (12, 'simplemachines.org', 'Jacobson, Torphy and Strosin', 'sgowanlockb@nature.com');
insert into NGO (id, website, name, contact) values (13, 'bigcartel.com', 'Waters, Legros and Toy', 'npirdyc@sphinn.com');
insert into NGO (id, website, name, contact) values (14, 'apple.com', 'Ortiz, Pollich and Jerde', 'tiversd@wp.com');
insert into NGO (id, website, name, contact) values (15, 'slashdot.org', 'Corwin-Shields', 'bbeechcrafte@google.com.br');
insert into NGO (id, website, name, contact) values (16, 'networksolutions.com', 'Zieme, Bergstrom and Schultz', 'srowswellf@moonfruit.com');
insert into NGO (id, website, name, contact) values (17, 'un.org', 'Hand-Schroeder', 'rtimbridgeg@mayoclinic.com');
insert into NGO (id, website, name, contact) values (18, 'phoca.cz', 'Feest-Armstrong', 'tionnh@slashdot.org');
insert into NGO (id, website, name, contact) values (19, 'blogspot.com', 'Rice Inc', 'struelocki@mtv.com');
insert into NGO (id, website, name, contact) values (20, 'businessinsider.com', 'Marks Group', 'brothamj@addtoany.com');
insert into NGO (id, website, name, contact) values (21, 'hud.gov', 'Barrows Inc', 'elownesk@gizmodo.com');
insert into NGO (id, website, name, contact) values (22, 'goodreads.com', 'Deckow-Adams', 'sbrowettl@blogspot.com');
insert into NGO (id, website, name, contact) values (23, 'homestead.com', 'Brekke, Hauck and Buckridge', 'cjeevesm@japanpost.jp');
insert into NGO (id, website, name, contact) values (24, 'blogtalkradio.com', 'Hackett Inc', 'skerrichn@nih.gov');
insert into NGO (id, website, name, contact) values (25, 'economist.com', 'Veum and Sons', 'jphilbrooko@blogspot.com');
insert into NGO (id, website, name, contact) values (26, 'ameblo.jp', 'Gutmann-Lockman', 'gharkessp@bandcamp.com');
insert into NGO (id, website, name, contact) values (27, 'dropbox.com', 'Kutch-Hahn', 'eaveyardq@umn.edu');
insert into NGO (id, website, name, contact) values (28, 'dedecms.com', 'Fay-Murphy', 'kyellowleesr@omniture.com');
insert into NGO (id, website, name, contact) values (29, '1und1.de', 'Kohler, Ankunding and Doyle', 'darmells@drupal.org');
insert into NGO (id, website, name, contact) values (30, 'webnode.com', 'Lueilwitz-McGlynn', 'akeeleyt@cyberchimps.com');
insert into NGO (id, website, name, contact) values (31, 'prnewswire.com', 'Baumbach-Kemmer', 'ksucreu@imageshack.us');
insert into NGO (id, website, name, contact) values (32, 'lycos.com', 'Rodriguez, Kassulke and Moore', 'ldallingv@phpbb.com');
insert into NGO (id, website, name, contact) values (33, 't-online.de', 'Grimes Group', 'fjanotaw@odnoklassniki.ru');
insert into NGO (id, website, name, contact) values (34, 'drupal.org', 'Schmitt Group', 'jhimsworthx@icio.us');
insert into NGO (id, website, name, contact) values (35, 'mlb.com', 'Mohr-Huel', 'tcunliffey@geocities.com');
insert into NGO (id, website, name, contact) values (36, 'uol.com.br', 'Mante, Simonis and Gusikowski', 'mgoodwinz@pcworld.com');
insert into NGO (id, website, name, contact) values (37, 'utexas.edu', 'Upton LLC', 'hjoska10@theglobeandmail.com');
insert into NGO (id, website, name, contact) values (38, 'infoseek.co.jp', 'Steuber-Pfannerstill', 'aalsina11@cpanel.net');
insert into NGO (id, website, name, contact) values (39, 'imgur.com', 'Lockman, Baumbach and Cassin', 'cnassie12@diigo.com');
insert into NGO (id, website, name, contact) values (40, 'list-manage.com', 'Kreiger-Bednar', 'rfretwell13@cnet.com');
insert into NGO (id, website, name, contact) values (41, 'netscape.com', 'Lindgren, McLaughlin and Wisoky', 'xhealings14@pinterest.com');
insert into NGO (id, website, name, contact) values (42, 'wikia.com', 'Ernser LLC', 'tdurrad15@dyndns.org');
insert into NGO (id, website, name, contact) values (43, 'wordpress.org', 'Becker, Quigley and Grimes', 'awaulker16@360.cn');
insert into NGO (id, website, name, contact) values (44, 'opensource.org', 'Hudson, Shields and Buckridge', 'cgussie17@blinklist.com');
insert into NGO (id, website, name, contact) values (45, 'businessinsider.com', 'Schaden-Stanton', 'gmangon18@google.com.au');
insert into NGO (id, website, name, contact) values (46, 'unicef.org', 'Wunsch and Sons', 'pbullock19@amazonaws.com');
insert into NGO (id, website, name, contact) values (47, 'salon.com', 'Glover-Herzog', 'gvenney1a@dell.com');
insert into NGO (id, website, name, contact) values (48, 'mac.com', 'Smitham-Konopelski', 'kpugsley1b@dailymail.co.uk');
insert into NGO (id, website, name, contact) values (49, 'washingtonpost.com', 'Dickens-Rohan', 'nbartoloma1c@yellowpages.com');
insert into NGO (id, website, name, contact) values (50, 'istockphoto.com', 'Nader Group', 'jletts1d@bbb.org');

insert into Enterprises (id, name, type, emission_result, misc_emissions, country_id) values (1, 'EcoForward Enterprises', 'Lighting', 160, 112, 20);
insert into Enterprises (id, name, type, emission_result, misc_emissions, country_id) values (2, 'Padberg, McKenzie and Ritchie', 'Real Estate Investment Trusts', 144, 94, 1);
insert into Enterprises (id, name, type, emission_result, misc_emissions, country_id) values (3, 'Batz-Schneider', 'Savings Institutions', 53, 136, 9);
insert into Enterprises (id, name, type, emission_result, misc_emissions, country_id) values (4, 'Aufderhar Inc', 'Oil/Gas Transmission', 158, 50, 4);
insert into Enterprises (id, name, type, emission_result, misc_emissions, country_id) values (5, 'Runte-Labadie', 'Investment Bankers/Brokers/Service', 91, 232, 13);
insert into Enterprises (id, name, type, emission_result, misc_emissions, country_id) values (6, 'Denesik-O''Connell', 'n/a', 16, 272, 1);
insert into Enterprises (id, name, type, emission_result, misc_emissions, country_id) values (7, 'Adams-Pagac', 'Computer Software: Programming, Data Processing', 229, 195, 4);
insert into Enterprises (id, name, type, emission_result, misc_emissions, country_id) values (8, 'Gulgowski, Prohaska and Lesch', 'n/a', 73, 198, 22);
insert into Enterprises (id, name, type, emission_result, misc_emissions, country_id) values (9, 'Windler, Kuhlman and Spencer', 'Biotechnology: Electromedical & Electrotherapeutic Apparatus', 127, 217, 8);
insert into Enterprises (id, name, type, emission_result, misc_emissions, country_id) values (10, 'Orn LLC', 'Industrial Machinery/Components', 188, 180, 5);
insert into Enterprises (id, name, type, emission_result, misc_emissions, country_id) values (11, 'Smitham, Rowe and Price', 'Major Pharmaceuticals', 267, 285, 10);
insert into Enterprises (id, name, type, emission_result, misc_emissions, country_id) values (12, 'Hoppe-Roberts', 'Major Pharmaceuticals', 101, 294, 13);
insert into Enterprises (id, name, type, emission_result, misc_emissions, country_id) values (13, 'Considine Group', 'Newspapers/Magazines', 93, 181, 24);
insert into Enterprises (id, name, type, emission_result, misc_emissions, country_id) values (14, 'Kassulke, Stark and O''Kon', 'Major Banks', 300, 164, 1);
insert into Enterprises (id, name, type, emission_result, misc_emissions, country_id) values (15, 'Lindgren Group', 'Farming/Seeds/Milling', 60, 270, 2);
insert into Enterprises (id, name, type, emission_result, misc_emissions, country_id) values (16, 'Macejkovic, Ullrich and Auer', 'Oilfield Services/Equipment', 240, 247, 21);
insert into Enterprises (id, name, type, emission_result, misc_emissions, country_id) values (17, 'Pfannerstill, Weissnat and Haley', 'Coal Mining', 20, 34, 7);
insert into Enterprises (id, name, type, emission_result, misc_emissions, country_id) values (18, 'Zieme Group', 'Medical/Nursing Services', 274, 273, 17);
insert into Enterprises (id, name, type, emission_result, misc_emissions, country_id) values (19, 'Buckridge-Rath', 'n/a', 181, 264, 8);
insert into Enterprises (id, name, type, emission_result, misc_emissions, country_id) values (20, 'Rempel Inc', 'Major Pharmaceuticals', 287, 202, 9);
insert into Enterprises (id, name, type, emission_result, misc_emissions, country_id) values (21, 'Goldner-Heaney', 'Specialty Chemicals', 264, 285, 22);
insert into Enterprises (id, name, type, emission_result, misc_emissions, country_id) values (22, 'Kuhic Group', 'Beverages (Production/Distribution)', 111, 238, 8);
insert into Enterprises (id, name, type, emission_result, misc_emissions, country_id) values (23, 'Brakus, Gottlieb and Rippin', 'Oil & Gas Production', 96, 16, 20);
insert into Enterprises (id, name, type, emission_result, misc_emissions, country_id) values (24, 'Pacocha-Prohaska', 'Major Pharmaceuticals', 37, 168, 18);
insert into Enterprises (id, name, type, emission_result, misc_emissions, country_id) values (25, 'Runolfsdottir-Kovacek', 'EDP Services', 155, 71, 19);
insert into Enterprises (id, name, type, emission_result, misc_emissions, country_id) values (26, 'Veum, Bartoletti and Crona', 'Industrial Specialties', 295, 14, 14);
insert into Enterprises (id, name, type, emission_result, misc_emissions, country_id) values (27, 'Parker-Green', 'Business Services', 193, 8, 11);
insert into Enterprises (id, name, type, emission_result, misc_emissions, country_id) values (28, 'Bernhard-Ratke', 'n/a', 239, 220, 28);
insert into Enterprises (id, name, type, emission_result, misc_emissions, country_id) values (29, 'Stoltenberg-Harris', 'n/a', 203, 140, 11);
insert into Enterprises (id, name, type, emission_result, misc_emissions, country_id) values (30, 'Reynolds Group', 'Ophthalmic Goods', 67, 181, 12);
insert into Enterprises (id, name, type, emission_result, misc_emissions, country_id) values (31, 'Pagac-Hermann', 'Electrical Products', 107, 66, 24);
insert into Enterprises (id, name, type, emission_result, misc_emissions, country_id) values (32, 'Stroman Group', 'n/a', 88, 261, 16);
insert into Enterprises (id, name, type, emission_result, misc_emissions, country_id) values (33, 'Armstrong-Wilkinson', 'Other Specialty Stores', 238, 99, 16);
insert into Enterprises (id, name, type, emission_result, misc_emissions, country_id) values (34, 'Waelchi, Witting and Brown', 'n/a', 14, 191, 5);
insert into Enterprises (id, name, type, emission_result, misc_emissions, country_id) values (35, 'Jakubowski-Haley', 'Hospital/Nursing Management', 127, 140, 9);
insert into Enterprises (id, name, type, emission_result, misc_emissions, country_id) values (36, 'Friesen, Kutch and Lehner', 'Semiconductors', 209, 175, 20);
insert into Enterprises (id, name, type, emission_result, misc_emissions, country_id) values (37, 'Ullrich Group', 'Hotels/Resorts', 18, 74, 18);
insert into Enterprises (id, name, type, emission_result, misc_emissions, country_id) values (38, 'Kertzmann, McGlynn and Halvorson', 'n/a', 248, 42, 20);
insert into Enterprises (id, name, type, emission_result, misc_emissions, country_id) values (39, 'Davis, Mueller and Tremblay', 'Finance: Consumer Services', 136, 153, 27);
insert into Enterprises (id, name, type, emission_result, misc_emissions, country_id) values (40, 'Schulist-Shanahan', 'Metal Fabrications', 186, 230, 10);
insert into Enterprises (id, name, type, emission_result, misc_emissions, country_id) values (41, 'DuBuque and Sons', 'Telecommunications Equipment', 224, 136, 12);
insert into Enterprises (id, name, type, emission_result, misc_emissions, country_id) values (42, 'Torphy-Rath', 'Homebuilding', 27, 35, 26);
insert into Enterprises (id, name, type, emission_result, misc_emissions, country_id) values (43, 'Beatty LLC', 'Industrial Machinery/Components', 241, 167, 4);
insert into Enterprises (id, name, type, emission_result, misc_emissions, country_id) values (44, 'Doyle, Morar and Lehner', 'Major Banks', 253, 198, 12);
insert into Enterprises (id, name, type, emission_result, misc_emissions, country_id) values (45, 'Crooks Inc', 'Automotive Aftermarket', 158, 4, 20);
insert into Enterprises (id, name, type, emission_result, misc_emissions, country_id) values (46, 'Hamill Inc', 'Major Pharmaceuticals', 54, 132, 14);
insert into Enterprises (id, name, type, emission_result, misc_emissions, country_id) values (47, 'Kshlerin and Sons', 'Air Freight/Delivery Services', 53, 257, 1);
insert into Enterprises (id, name, type, emission_result, misc_emissions, country_id) values (48, 'Schmitt, Swaniawski and Buckridge', 'n/a', 171, 180, 10);
insert into Enterprises (id, name, type, emission_result, misc_emissions, country_id) values (49, 'Schinner, Sanford and Stark', 'Metal Fabrications', 180, 261, 9);
insert into Enterprises (id, name, type, emission_result, misc_emissions, country_id) values (50, 'Bins, Heller and Ondricka', 'Packaged Foods', 199, 150, 16);

insert into User (id, emission_result, country_id, email, match_consent, name) values (1, 40, 1, 'dfloweth0@360.cn', true, 'Dorey');
insert into User (id, emission_result, country_id, email, match_consent, name) values (2, 9, 14, 'plevings1@cbslocal.com', true, 'Phineas');
insert into User (id, emission_result, country_id, email, match_consent, name) values (3, 19, 30, 'blitterick2@tuttocitta.it', false, 'Bruis');
insert into User (id, emission_result, country_id, email, match_consent, name) values (4, 39, 21, 'emallett3@e-recht24.de', true, 'Elsie');
insert into User (id, emission_result, country_id, email, match_consent, name) values (5, 55, 25, 'mrubinivitz4@wikispaces.com', false, 'Morgan');
insert into User (id, emission_result, country_id, email, match_consent, name) values (6, 49, 10, 'msempill5@abc.net.au', false, 'Moira');
insert into User (id, emission_result, country_id, email, match_consent, name) values (7, 8, 10, 'amaykin6@microsoft.com', false, 'Anne-corinne');
insert into User (id, emission_result, country_id, email, match_consent, name) values (8, 41, 19, 'zpine7@cnn.com', false, 'Zebadiah');
insert into User (id, emission_result, country_id, email, match_consent, name) values (9, 68, 27, 'rbakhrushin8@ezinearticles.com', false, 'Randie');
insert into User (id, emission_result, country_id, email, match_consent, name) values (10, 11, 26, 'pdubery9@theglobeandmail.com', false, 'Pepe');
insert into User (id, emission_result, country_id, email, match_consent, name) values (11, 35, 15, 'yvidgeona@gizmodo.com', true, 'Yolanthe');
insert into User (id, emission_result, country_id, email, match_consent, name) values (12, 38, 20, 'rmounfieldb@live.com', true, 'Raymund');
insert into User (id, emission_result, country_id, email, match_consent, name) values (13, 60, 6, 'tleederc@diigo.com', false, 'Terrill');
insert into User (id, emission_result, country_id, email, match_consent, name) values (14, 99, 2, 'ptulkd@aboutads.info', false, 'Patsy');
insert into User (id, emission_result, country_id, email, match_consent, name) values (15, 89, 4, 'dthormanne@vkontakte.ru', true, 'Donnajean');
insert into User (id, emission_result, country_id, email, match_consent, name) values (16, 12, 24, 'tacombf@dagondesign.com', false, 'Thayne');
insert into User (id, emission_result, country_id, email, match_consent, name) values (17, 3, 16, 'kruddockg@google.it', true, 'Krisha');
insert into User (id, emission_result, country_id, email, match_consent, name) values (18, 99, 1, 'jolfordh@i2i.jp', false, 'Jean');
insert into User (id, emission_result, country_id, email, match_consent, name) values (19, 90, 17, 'rdaintryi@dion.ne.jp', true, 'Robyn');
insert into User (id, emission_result, country_id, email, match_consent, name) values (20, 63, 16, 'eleyburnj@nih.gov', false, 'Emyle');
insert into User (id, emission_result, country_id, email, match_consent, name) values (21, 12, 23, 'sdaxk@dmoz.org', false, 'Sharline');
insert into User (id, emission_result, country_id, email, match_consent, name) values (22, 73, 14, 'atamsl@imdb.com', true, 'Andrey');
insert into User (id, emission_result, country_id, email, match_consent, name) values (23, 53, 21, 'srijkeseism@purevolume.com', true, 'Sharl');
insert into User (id, emission_result, country_id, email, match_consent, name) values (24, 71, 6, 'rpengellyn@nbcnews.com', false, 'Rudiger');
insert into User (id, emission_result, country_id, email, match_consent, name) values (25, 5, 10, 'iyellopo@jalbum.net', false, 'Idalia');
insert into User (id, emission_result, country_id, email, match_consent, name) values (26, 72, 9, 'efowleyp@list-manage.com', false, 'Ebony');
insert into User (id, emission_result, country_id, email, match_consent, name) values (27, 14, 18, 'pkiftq@china.com.cn', false, 'Pierette');
insert into User (id, emission_result, country_id, email, match_consent, name) values (28, 75, 21, 'rpocker@mysql.com', true, 'Randene');
insert into User (id, emission_result, country_id, email, match_consent, name) values (29, 51, 22, 'ntimmermanns@nature.com', true, 'Nicolis');
insert into User (id, emission_result, country_id, email, match_consent, name) values (30, 21, 14, 'kcouzenst@cam.ac.uk', true, 'Klemens');
insert into User (id, emission_result, country_id, email, match_consent, name) values (31, 23, 8, 'mdeacocku@wordpress.com', true, 'Mahmud');
insert into User (id, emission_result, country_id, email, match_consent, name) values (32, 12, 20, 'efennersv@sogou.com', false, 'Ewell');
insert into User (id, emission_result, country_id, email, match_consent, name) values (33, 48, 23, 'icardoow@apple.com', false, 'Irma');
insert into User (id, emission_result, country_id, email, match_consent, name) values (34, 48, 24, 'cdixceyx@prnewswire.com', true, 'Carter');
insert into User (id, emission_result, country_id, email, match_consent, name) values (35, 93, 11, 'chagerghamy@cyberchimps.com', false, 'Ciro');
insert into User (id, emission_result, country_id, email, match_consent, name) values (36, 11, 2, 'dsemensz@time.com', false, 'Dulci');
insert into User (id, emission_result, country_id, email, match_consent, name) values (37, 42, 1, 'mwestgate10@illinois.edu', false, 'Misti');
insert into User (id, emission_result, country_id, email, match_consent, name) values (38, 63, 26, 'klawlance11@apple.com', false, 'Karrah');
insert into User (id, emission_result, country_id, email, match_consent, name) values (39, 60, 21, 'fmaccaull12@cbslocal.com', false, 'Freddie');
insert into User (id, emission_result, country_id, email, match_consent, name) values (40, 17, 25, 'ajiran13@apple.com', true, 'Aloise');
insert into User (id, emission_result, country_id, email, match_consent, name) values (41, 62, 23, 'ogogarty14@sourceforge.net', false, 'Orsola');
insert into User (id, emission_result, country_id, email, match_consent, name) values (42, 96, 18, 'yetoile15@google.cn', true, 'Yehudi');
insert into User (id, emission_result, country_id, email, match_consent, name) values (43, 91, 3, 'lpitcock16@friendfeed.com', true, 'Leanna');
insert into User (id, emission_result, country_id, email, match_consent, name) values (44, 84, 26, 'gricketts17@harvard.edu', true, 'Gaylord');
insert into User (id, emission_result, country_id, email, match_consent, name) values (45, 38, 22, 'ajeandot18@who.int', true, 'Annamarie');
insert into User (id, emission_result, country_id, email, match_consent, name) values (46, 94, 5, 'mdumphrey19@seesaa.net', false, 'Marshall');
insert into User (id, emission_result, country_id, email, match_consent, name) values (47, 12, 23, 'mcaldwell1a@scribd.com', false, 'Maryanna');
insert into User (id, emission_result, country_id, email, match_consent, name) values (48, 14, 10, 'mdubble1b@shinystat.com', true, 'Mischa');
insert into User (id, emission_result, country_id, email, match_consent, name) values (49, 3, 7, 'cfarrance1c@cocolog-nifty.com', true, 'Christie');
insert into User (id, emission_result, country_id, email, match_consent, name) values (50, 97, 27, 'egarwell1d@shutterfly.com', false, 'Ede');


insert into EntTags (enterprise_id, tag_id) values (1, 1);
insert into EntTags (enterprise_id, tag_id) values (1, 2);
insert into EntTags (enterprise_id, tag_id) values (2, 3);
insert into EntTags (enterprise_id, tag_id) values (2, 1);
insert into EntTags (enterprise_id, tag_id) values (3, 2);
insert into EntTags (enterprise_id, tag_id) values (3, 3);
insert into EntTags (enterprise_id, tag_id) values (4, 1);
insert into EntTags (enterprise_id, tag_id) values (4, 2);
insert into EntTags (enterprise_id, tag_id) values (14, 4);
insert into EntTags (enterprise_id, tag_id) values (44, 1);
insert into EntTags (enterprise_id, tag_id) values (17, 1);
insert into EntTags (enterprise_id, tag_id) values (16, 2);
insert into EntTags (enterprise_id, tag_id) values (47, 2);
insert into EntTags (enterprise_id, tag_id) values (19, 2);
insert into EntTags (enterprise_id, tag_id) values (35, 2);
insert into EntTags (enterprise_id, tag_id) values (28, 2);
insert into EntTags (enterprise_id, tag_id) values (1, 3);
insert into EntTags (enterprise_id, tag_id) values (14, 2);
insert into EntTags (enterprise_id, tag_id) values (22, 4);
insert into EntTags (enterprise_id, tag_id) values (31, 1);
insert into EntTags (enterprise_id, tag_id) values (29, 3);
insert into EntTags (enterprise_id, tag_id) values (50, 3);
insert into EntTags (enterprise_id, tag_id) values (36, 1);
insert into EntTags (enterprise_id, tag_id) values (31, 2);
insert into EntTags (enterprise_id, tag_id) values (10, 1);
insert into EntTags (enterprise_id, tag_id) values (3, 1);
insert into EntTags (enterprise_id, tag_id) values (37, 1);
insert into EntTags (enterprise_id, tag_id) values (49, 1);
insert into EntTags (enterprise_id, tag_id) values (16, 3);
insert into EntTags (enterprise_id, tag_id) values (32, 3);
insert into EntTags (enterprise_id, tag_id) values (8, 2);
insert into EntTags (enterprise_id, tag_id) values (34, 2);
insert into EntTags (enterprise_id, tag_id) values (14, 3);
insert into EntTags (enterprise_id, tag_id) values (20, 4);
insert into EntTags (enterprise_id, tag_id) values (44, 2);
insert into EntTags (enterprise_id, tag_id) values (41, 2);
insert into EntTags (enterprise_id, tag_id) values (27, 4);
insert into EntTags (enterprise_id, tag_id) values (28, 3);
insert into EntTags (enterprise_id, tag_id) values (39, 3);
insert into EntTags (enterprise_id, tag_id) values (48, 4);
insert into EntTags (enterprise_id, tag_id) values (36, 3);
insert into EntTags (enterprise_id, tag_id) values (33, 1);
insert into EntTags (enterprise_id, tag_id) values (50, 4);
insert into EntTags (enterprise_id, tag_id) values (32, 2);
insert into EntTags (enterprise_id, tag_id) values (23, 3);
insert into EntTags (enterprise_id, tag_id) values (31, 4);
insert into EntTags (enterprise_id, tag_id) values (38, 2);
insert into EntTags (enterprise_id, tag_id) values (1, 4);
insert into EntTags (enterprise_id, tag_id) values (40, 4);
insert into EntTags (enterprise_id, tag_id) values (9, 1);
insert into EntTags (enterprise_id, tag_id) values (29, 4);
insert into EntTags (enterprise_id, tag_id) values (7, 4);
insert into EntTags (enterprise_id, tag_id) values (24, 2);
insert into EntTags (enterprise_id, tag_id) values (45, 3);
insert into EntTags (enterprise_id, tag_id) values (21, 3);
insert into EntTags (enterprise_id, tag_id) values (6, 3);
insert into EntTags (enterprise_id, tag_id) values (5, 1);
insert into EntTags (enterprise_id, tag_id) values (49, 4);
insert into EntTags (enterprise_id, tag_id) values (36, 2);
insert into EntTags (enterprise_id, tag_id) values (10, 2);
insert into EntTags (enterprise_id, tag_id) values (36, 4);
insert into EntTags (enterprise_id, tag_id) values (11, 4);
insert into EntTags (enterprise_id, tag_id) values (13, 3);
insert into EntTags (enterprise_id, tag_id) values (20, 3);
insert into EntTags (enterprise_id, tag_id) values (46, 2);
insert into EntTags (enterprise_id, tag_id) values (2, 4);
insert into EntTags (enterprise_id, tag_id) values (30, 4);
insert into EntTags (enterprise_id, tag_id) values (17, 3);
insert into EntTags (enterprise_id, tag_id) values (26, 1);
insert into EntTags (enterprise_id, tag_id) values (2, 2);
insert into EntTags (enterprise_id, tag_id) values (30, 1);
insert into EntTags (enterprise_id, tag_id) values (16, 4);
insert into EntTags (enterprise_id, tag_id) values (49, 2);
insert into EntTags (enterprise_id, tag_id) values (45, 4);
insert into EntTags (enterprise_id, tag_id) values (23, 1);
insert into EntTags (enterprise_id, tag_id) values (15, 4);

insert into NGOTags (ngo_id, tag_id) values (32, 3);
insert into NGOTags (ngo_id, tag_id) values (29, 1);
insert into NGOTags (ngo_id, tag_id) values (9, 1);
insert into NGOTags (ngo_id, tag_id) values (34, 3);
insert into NGOTags (ngo_id, tag_id) values (22, 4);
insert into NGOTags (ngo_id, tag_id) values (17, 3);
insert into NGOTags (ngo_id, tag_id) values (6, 3);
insert into NGOTags (ngo_id, tag_id) values (2, 1);
insert into NGOTags (ngo_id, tag_id) values (17, 2);
insert into NGOTags (ngo_id, tag_id) values (41, 4);
insert into NGOTags (ngo_id, tag_id) values (21, 4);
insert into NGOTags (ngo_id, tag_id) values (40, 4);
insert into NGOTags (ngo_id, tag_id) values (30, 3);
insert into NGOTags (ngo_id, tag_id) values (15, 2);
insert into NGOTags (ngo_id, tag_id) values (25, 4);
insert into NGOTags (ngo_id, tag_id) values (44, 1);
insert into NGOTags (ngo_id, tag_id) values (33, 4);
insert into NGOTags (ngo_id, tag_id) values (37, 4);
insert into NGOTags (ngo_id, tag_id) values (22, 2);
insert into NGOTags (ngo_id, tag_id) values (22, 3);
insert into NGOTags (ngo_id, tag_id) values (9, 2);
insert into NGOTags (ngo_id, tag_id) values (46, 1);
insert into NGOTags (ngo_id, tag_id) values (12, 1);
insert into NGOTags (ngo_id, tag_id) values (43, 3);
insert into NGOTags (ngo_id, tag_id) values (27, 4);
insert into NGOTags (ngo_id, tag_id) values (24, 2);
insert into NGOTags (ngo_id, tag_id) values (44, 3);
insert into NGOTags (ngo_id, tag_id) values (11, 4);
insert into NGOTags (ngo_id, tag_id) values (1, 4);
insert into NGOTags (ngo_id, tag_id) values (18, 1);
insert into NGOTags (ngo_id, tag_id) values (39, 2);
insert into NGOTags (ngo_id, tag_id) values (10, 2);
insert into NGOTags (ngo_id, tag_id) values (38, 2);
insert into NGOTags (ngo_id, tag_id) values (31, 3);
insert into NGOTags (ngo_id, tag_id) values (50, 2);
insert into NGOTags (ngo_id, tag_id) values (30, 4);
insert into NGOTags (ngo_id, tag_id) values (37, 2);
insert into NGOTags (ngo_id, tag_id) values (42, 3);
insert into NGOTags (ngo_id, tag_id) values (35, 3);
insert into NGOTags (ngo_id, tag_id) values (8, 3);
insert into NGOTags (ngo_id, tag_id) values (20, 4);
insert into NGOTags (ngo_id, tag_id) values (45, 3);
insert into NGOTags (ngo_id, tag_id) values (23, 3);
insert into NGOTags (ngo_id, tag_id) values (5, 1);
insert into NGOTags (ngo_id, tag_id) values (38, 1);
insert into NGOTags (ngo_id, tag_id) values (15, 4);
insert into NGOTags (ngo_id, tag_id) values (38, 4);
insert into NGOTags (ngo_id, tag_id) values (49, 2);
insert into NGOTags (ngo_id, tag_id) values (36, 1);
insert into NGOTags (ngo_id, tag_id) values (13, 1);
insert into NGOTags (ngo_id, tag_id) values (28, 1);
insert into NGOTags (ngo_id, tag_id) values (43, 4);
insert into NGOTags (ngo_id, tag_id) values (36, 2);
insert into NGOTags (ngo_id, tag_id) values (33, 3);
insert into NGOTags (ngo_id, tag_id) values (14, 2);
insert into NGOTags (ngo_id, tag_id) values (4, 2);
insert into NGOTags (ngo_id, tag_id) values (50, 4);
insert into NGOTags (ngo_id, tag_id) values (16, 4);
insert into NGOTags (ngo_id, tag_id) values (47, 1);
insert into NGOTags (ngo_id, tag_id) values (48, 3);
insert into NGOTags (ngo_id, tag_id) values (1, 3);
insert into NGOTags (ngo_id, tag_id) values (26, 3);
insert into NGOTags (ngo_id, tag_id) values (42, 1);
insert into NGOTags (ngo_id, tag_id) values (19, 1);
insert into NGOTags (ngo_id, tag_id) values (20, 3);
insert into NGOTags (ngo_id, tag_id) values (7, 4);
insert into NGOTags (ngo_id, tag_id) values (18, 4);
insert into NGOTags (ngo_id, tag_id) values (3, 2);
insert into NGOTags (ngo_id, tag_id) values (14, 4);
insert into NGOTags (ngo_id, tag_id) values (47, 4);
insert into NGOTags (ngo_id, tag_id) values (12, 2);
insert into NGOTags (ngo_id, tag_id) values (31, 1);
insert into NGOTags (ngo_id, tag_id) values (7, 2);
insert into NGOTags (ngo_id, tag_id) values (34, 1);
insert into NGOTags (ngo_id, tag_id) values (8, 1);
insert into NGOTags (ngo_id, tag_id) values (50, 1);
insert into NGOTags (ngo_id, tag_id) values (37, 3);
insert into NGOTags (ngo_id, tag_id) values (13, 3);
insert into NGOTags (ngo_id, tag_id) values (35, 4);
insert into NGOTags (ngo_id, tag_id) values (41, 2);
insert into NGOTags (ngo_id, tag_id) values (10, 4);
insert into NGOTags (ngo_id, tag_id) values (25, 1);
insert into NGOTags (ngo_id, tag_id) values (48, 4);
insert into NGOTags (ngo_id, tag_id) values (24, 4);
insert into NGOTags (ngo_id, tag_id) values (2, 4);
insert into NGOTags (ngo_id, tag_id) values (19, 4);
insert into NGOTags (ngo_id, tag_id) values (5, 4);
insert into NGOTags (ngo_id, tag_id) values (28, 4);
insert into NGOTags (ngo_id, tag_id) values (12, 4);
insert into NGOTags (ngo_id, tag_id) values (3, 1);
insert into NGOTags (ngo_id, tag_id) values (6, 4);
insert into NGOTags (ngo_id, tag_id) values (43, 1);
insert into NGOTags (ngo_id, tag_id) values (39, 4);
insert into NGOTags (ngo_id, tag_id) values (23, 4);
insert into NGOTags (ngo_id, tag_id) values (26, 1);
insert into NGOTags (ngo_id, tag_id) values (4, 3);

insert into UserTags (user_id, tag_id) values (5, 1);
insert into UserTags (user_id, tag_id) values (33, 3);
insert into UserTags (user_id, tag_id) values (1, 2);
insert into UserTags (user_id, tag_id) values (33, 4);
insert into UserTags (user_id, tag_id) values (24, 4);
insert into UserTags (user_id, tag_id) values (38, 1);
insert into UserTags (user_id, tag_id) values (33, 2);
insert into UserTags (user_id, tag_id) values (11, 4);
insert into UserTags (user_id, tag_id) values (44, 1);
insert into UserTags (user_id, tag_id) values (36, 2);
insert into UserTags (user_id, tag_id) values (29, 4);
insert into UserTags (user_id, tag_id) values (16, 2);
insert into UserTags (user_id, tag_id) values (14, 4);
insert into UserTags (user_id, tag_id) values (35, 3);
insert into UserTags (user_id, tag_id) values (40, 4);
insert into UserTags (user_id, tag_id) values (24, 1);
insert into UserTags (user_id, tag_id) values (50, 1);
insert into UserTags (user_id, tag_id) values (19, 4);
insert into UserTags (user_id, tag_id) values (22, 2);
insert into UserTags (user_id, tag_id) values (38, 3);
insert into UserTags (user_id, tag_id) values (2, 1);
insert into UserTags (user_id, tag_id) values (2, 3);
insert into UserTags (user_id, tag_id) values (48, 2);
insert into UserTags (user_id, tag_id) values (17, 3);
insert into UserTags (user_id, tag_id) values (31, 4);
insert into UserTags (user_id, tag_id) values (15, 4);
insert into UserTags (user_id, tag_id) values (29, 2);
insert into UserTags (user_id, tag_id) values (13, 2);
insert into UserTags (user_id, tag_id) values (15, 1);
insert into UserTags (user_id, tag_id) values (44, 3);
insert into UserTags (user_id, tag_id) values (35, 1);
insert into UserTags (user_id, tag_id) values (48, 4);
insert into UserTags (user_id, tag_id) values (34, 4);
insert into UserTags (user_id, tag_id) values (8, 3);
insert into UserTags (user_id, tag_id) values (5, 4);
insert into UserTags (user_id, tag_id) values (23, 4);
insert into UserTags (user_id, tag_id) values (13, 3);
insert into UserTags (user_id, tag_id) values (36, 1);
insert into UserTags (user_id, tag_id) values (28, 2);
insert into UserTags (user_id, tag_id) values (50, 4);
insert into UserTags (user_id, tag_id) values (14, 3);
insert into UserTags (user_id, tag_id) values (38, 4);
insert into UserTags (user_id, tag_id) values (20, 2);
insert into UserTags (user_id, tag_id) values (22, 4);
insert into UserTags (user_id, tag_id) values (49, 2);
insert into UserTags (user_id, tag_id) values (43, 1);


INSERT INTO ResData (id, user_id, elec_usage, emission_tags, heating, water_heating, cooking_gas) VALUES
(200, 1, 1000.0, 'res', 2000.0, 1.0, 11.0);

INSERT INTO Cars (id, user_id, fuel_type, emission_tags, fuel_used) VALUES
(1, 1, 'Gasoline/Hybrid', 'car', 100.0),
(2, 2, 'Diesel', 'car', 200.0),
(3, 3, 'Electric', 'car', 304.0);

INSERT INTO Beta_User (id, user_values) VALUES (1, '-3.58516566E-17, .163886704, .821830787');